event,frame,cycle,source_request,received_request,raw_start,observation_match,guard_bad,video_bad
FS_or_bad_change,1,957,0,0,1,1,0,0
FS_or_bad_change,1,1047,0,0,0,1,0,0
FS_or_bad_change,1,1101,0,0,0,1,0,0
FS_or_bad_change,1,1182,0,0,0,1,1,0
FS_or_bad_change,1,1183,0,0,0,1,1,1
request_delivery,1,4145,6,6,0,0,1,1
FS_or_bad_change,2,5075,6,6,1,1,1,1
FS_or_bad_change,2,5076,6,6,0,1,0,1
FS_or_bad_change,2,5544,6,6,0,1,0,1
FS_or_bad_change,2,5545,6,6,0,1,0,0
FS_or_bad_change,2,5598,6,6,0,1,0,0
FS_or_bad_change,3,449002,6,6,1,1,0,0
FS_or_bad_change,3,449471,6,6,0,1,0,0
FS_or_bad_change,3,449525,6,6,0,1,0,0
