参数,表达式,当前值_mm
wood_t,12 mm,12.0
base_l,650 mm,650.0
base_w,400 mm,400.0
wall_y,110 mm,110.0
wall_h,360 mm,360.0
wall_w,300 mm,300.0
belt_l,420 mm,420.0
belt_w,80 mm,80.0
machine_w,110 mm,110.0
machine_h,80 mm,80.0
belt_z,80 mm,80.0
sample_h,5 mm,5.0
detect_z,belt_z + sample_h,85.0
board_l,130 mm,130.0
board_w,90 mm,90.0
lens_dx,20 mm,20.0
lens_dy,0 mm,0.0
acrylic_lower_t,1 mm,1.0
acrylic_upper_t,1 mm,1.0
stack_h,30 mm,30.0
lens_drop,20 mm,20.0
lens_d,14 mm,14.0
lens_body_h,18.3 mm,18.3
camera_wd,100 mm,100.0
lens_z,detect_z + camera_wd,185.0
support_z,lens_z + lens_drop,205.0
pad_w,74 mm,74.0
pad_depth,44 mm,44.0
pad_t,10 mm,10.0
support_depth,19 mm,19.0
soft_t,0.5 mm,0.5
retainer_gap,0.5 mm,0.5
lateral_gap,1 mm,1.0
slot_d,4.5 mm,4.5
slot_end_margin,1 mm,1.0
camera_pitch,20 mm,20.0
camera_slot_l,28 mm,28.0
lamp_od,90 mm,90.0
lamp_id,40 mm,40.0
lamp_h,22 mm,22.0
lamp_clearance,60 mm,60.0
lamp_bottom,detect_z + lamp_clearance,145.0
lamp_y,0 mm,0.0
ring_id,91 mm,91.0
ring_od,110 mm,110.0
ring_h,16 mm,16.0
ring_gap,2 mm,2.0
ring_close_limit,1 mm,1.0
ring_z,lamp_bottom + 3 mm,148.0
lamp_rail_slot,140 mm,140.0
lamp_arm_slot,72 mm,72.0
lamp_z_bolt_pitch,16 mm,16.0
lamp_y_bolt_pitch,36 mm,36.0
tray_gap,2 mm,2.0
camera_row_z,185 mm,185.0
