零件,整机数量或小样数量,打印朝向,本体打印包络mm,支撑,Brim毫米,每件克含支撑附着边,相较无支撑净增克,切片软件预计时间,路径范围,状态
P01,2,侧面+X朝下,50.0×190.0×52.0,自动支撑/开放处清理,4,68.42,10.72,5h 40m 22s,路径未超200³,暂缓整套打印
P02,4,原生底面-Z朝下,74.0×44.0×41.0,自动支撑/开放处清理,3,50.39,2.09,4h 29m 32s,路径未超200³,暂缓整套打印
P03_LB,1,顶面朝下,74.0×30.0×7.5,无支撑/桥接须试验,3,10.35,0.0,54m 46s,路径未超200³,暂缓整套打印
P03_LF,1,顶面朝下,74.0×30.0×7.5,无支撑/桥接须试验,3,10.35,0.0,54m 53s,路径未超200³,暂缓整套打印
P03_RB,1,顶面朝下,74.0×30.0×7.5,无支撑/桥接须试验,3,10.35,0.0,54m 49s,路径未超200³,暂缓整套打印
P03_RF,1,顶面朝下,74.0×30.0×7.5,无支撑/桥接须试验,3,10.35,0.0,54m 51s,路径未超200³,暂缓整套打印
P04,2,正面-Y朝下,24.0×180.0×24.0,无支撑/桥接须试验,3,41.29,0.0,3h 44m 47s,路径未超200³,暂缓整套打印
P05,2,侧面+X朝下,44.0×150.0×20.0,自动支撑/开放处清理,3,32.26,0.25,2h 44m 46s,路径未超200³,暂缓整套打印
P06A,1,原生底面-Z朝下,136.0×54.5×16.0,无支撑/桥接须试验,3,23.43,0.0,2h 13m 29s,路径未超200³,仅小样试制
P06B,1,原生底面-Z朝下,136.0×54.5×16.0,无支撑/桥接须试验,3,23.41,0.0,2h 13m 47s,路径未超200³,仅小样试制
P07_L,1,原生底面-Z朝下,88.0×52.0×8.0,无支撑/桥接须试验,3,19.17,0.0,1h 45m 53s,路径未超200³,暂缓整套打印
P07_R,1,原生底面-Z朝下,88.0×52.0×8.0,无支撑/桥接须试验,3,19.17,0.0,1h 46m 2s,路径未超200³,暂缓整套打印
CT01,1,原生底面-Z朝下,43.0×44.0×41.0,自动支撑/开放处清理,3,31.23,1.22,2h 52m 39s,路径未超200³,仅小样试制
CT02,1,顶面朝下,43.0×30.0×7.5,无支撑/桥接须试验,3,6.24,0.0,34m 18s,路径未超200³,仅小样试制
CT03,1,原生底面-Z朝下,24.0×84.0×10.0,无支撑/桥接须试验,3,13.91,0.0,1h 11m 0s,路径未超200³,仅小样试制
HT01,1,原生底面-Z朝下,80.0×60.0×16.0,无支撑/桥接须试验,3,23.9,0.0,2h 13m 57s,路径未超200³,仅小样试制
