项目,设计输入/要求,当前状态,左件/位置1实测,左件/位置2实测,右件/位置1实测,右件/位置2实测,结果及处理,日期/人员
四脚落点,按用户确认可贴平；实装记录接触均匀性,用户确认，实装记录待填,,,,,,
安装总厚A,两处均9±0.20；逐件逐点测量,待实测,,,,,,
主体/支脚厚度,6±0.15、3±0.15；总厚优先控制,待实测,,,,,,
螺丝头下长度L,M3×12；核验预算12±0.20,待实测,,,,,,
垫片厚w,0.50±0.05核验预算,待实测,,,,,,
实际拧入e,逐处 L-A-w；名义2.5，预算2.05～2.95,待实测,,,,,,
孔底与有效螺纹,4mm为图纸输入，不是厂家确认全深可用；记录有效孔深/入口不完整牙,待实测,,,,,,
螺纹啮合与固定可靠性,先手拧排除顶底；不得以增大扭矩试探；若不足复核方案,待验证,,,,,,
M3通孔,Ø3.6；不引用HT01，记录首次试穿,待验证,,,,,,
轻修记录,仅PETG通孔；记录工具及前后孔径；禁止扩大灯壳螺纹孔,如发生则记录,,,,,,
实物180度互换,仅旋转180°，不得分别强行修形对孔,待验证,,,,,,
承载/挠曲/蠕变/松动,记录试验载荷、时间和变形/松动,待验证,,,,,,
温升,记录灯工况、环境温度、运行时间和稳定温度,待验证,,,,,,
D120/H60维护,Y0，抬高5mm前送入后落座，再装M4并恢复工作姿态,待实装,,,,,,
线缆及光学,线口、弯曲、散热、遮光和焦距,待验证,,,,,,
